useridtask,siteidinbox
39856,295
39857,295
39858,295
39859,295
39860,295
39861,295
39862,295
39863,295
39864,295
39865,295
39866,295
39867,295
39868,295
39869,295
39870,295
39871,295
39872,295
39873,295
39874,295
40636,176
40637,176
40638,176
40639,176
40640,176
40641,176
40642,176
40643,176
40644,176
40645,176
40646,176
40647,176
40648,176
40649,176
40650,176
40651,176
40652,176
40653,176
40654,176
40655,176
40416,186
40418,186
40420,186
40422,186
40424,186
40426,186
40428,186
40429,186
40431,186
40433,186
40435,186
40437,186
40439,186
40440,186
40443,186
40444,186
40446,186
40448,186
40450,186
40452,186
39895,194
39896,194
39897,194
39898,194
39899,194
39900,194
39901,194
39902,194
39903,194
39904,194
39905,194
39906,194
39907,194
39908,194
39909,194
39910,194
39911,194
39912,194
39913,194
39914,194
40316,197
40317,197
40318,197
40319,197
40320,197
40321,197
40322,197
40323,197
40324,197
40325,197
40326,197
40327,197
40328,197
40329,197
40330,197
40331,197
40332,197
40333,197
40334,197
40335,197
40336,198
40337,198
40338,198
40339,198
40340,198
40341,198
40342,198
40343,198
40344,198
40345,198
40346,198
40347,198
40348,198
40349,198
40350,198
40351,198
40352,198
40353,198
40354,198
40355,198
40836,205
40837,205
40838,205
40839,205
40840,205
40841,205
40842,205
40843,205
40844,205
40845,205
40846,205
40847,205
40848,205
40849,205
40850,205
40851,205
40852,205
40853,205
40854,205
40855,205
40456,208
40457,208
40458,208
40459,208
40460,208
40461,208
40462,208
40463,208
40464,208
40465,208
40466,208
40467,208
40468,208
40469,208
40470,208
40471,208
40472,208
40473,208
40474,208
40475,208
40796,212
40797,212
40798,212
40799,212
40800,212
40801,212
40802,212
40803,212
40804,212
40805,212
40806,212
40807,212
40808,212
40809,212
40810,212
40811,212
40812,212
40813,212
40814,212
40815,212
39875,220
39876,220
39877,220
39878,220
39879,220
39880,220
39881,220
39882,220
39883,220
39884,220
39885,220
39886,220
39887,220
39888,220
39889,220
39890,220
39891,220
39892,220
39893,220
39894,220
40756,221
40757,221
40758,221
40759,221
40760,221
40761,221
40762,221
40763,221
40764,221
40765,221
40766,221
40767,221
40768,221
40769,221
40770,221
40771,221
40772,221
40773,221
40774,221
40775,221
40116,226
40117,226
40118,226
40119,226
40120,226
40121,226
40122,226
40123,226
40124,226
40125,226
40126,226
40127,226
40128,226
40129,226
40130,226
40131,226
40132,226
40133,226
40134,226
40135,226
40396,229
40397,229
40398,229
40399,229
40400,229
40401,229
40402,229
40403,229
40404,229
40405,229
40406,229
40407,229
40408,229
40409,229
40410,229
40411,229
40412,229
40413,229
40414,229
40415,229
40016,263
40017,263
40018,263
40019,263
40020,263
40021,263
40022,263
40023,263
40024,263
40025,263
40026,263
40027,263
40028,263
40029,263
40030,263
40031,263
40032,263
40033,263
40034,263
40035,263
40056,264
40057,264
40058,264
40059,264
40060,264
40061,264
40062,264
40063,264
40064,264
40065,264
40066,264
40067,264
40068,264
40069,264
40070,264
40071,264
40072,264
40073,264
40074,264
40075,264
40136,241
40137,241
40138,241
40139,241
40140,241
40141,241
40142,241
40143,241
40144,241
40145,241
40146,241
40147,241
40148,241
40149,241
40150,241
40151,241
40152,241
40153,241
40154,241
40155,241
39968,269
39970,269
39962,269
39972,269
39973,269
39974,269
39975,269
39966,269
39964,269
39960,269
39958,269
39954,269
39954,269
39952,269
39956,269
39950,269
39946,269
39948,269
39944,269
39939,269
40196,288
40197,288
40198,288
40199,288
40200,288
40201,288
40202,288
40203,288
40204,288
40205,288
40206,288
40207,288
40208,288
40209,288
40210,288
40211,288
40212,288
40213,288
40214,288
40215,288
39915,309
39916,309
39917,309
39918,309
39919,309
39920,309
39921,309
39922,309
39923,309
39924,309
39925,309
39926,309
39927,309
39928,309
39929,309
39930,309
39931,309
39932,309
39933,309
39934,309
40496,306
40497,306
40498,306
40499,306
40500,306
40501,306
40502,306
40503,306
40504,306
40505,306
40506,306
40507,306
40508,306
40509,306
40510,306
40511,306
40512,306
40513,306
40514,306
40515,306
40596,296
40597,296
40598,296
40599,296
40600,296
40601,296
40602,296
40603,296
40604,296
40605,296
40606,296
40607,296
40608,296
40609,296
40610,296
40611,296
40612,296
40613,296
40614,296
40615,296
39996,324
39997,324
39998,324
39999,324
40000,324
40001,324
40002,324
40003,324
40004,324
40005,324
40006,324
40007,324
40008,324
40009,324
40010,324
40011,324
40012,324
40013,324
40014,324
40015,324
40176,326
40177,326
40178,326
40179,326
40180,326
40181,326
40182,326
40183,326
40184,326
40185,326
40186,326
40187,326
40188,326
40189,326
40190,326
40191,326
40192,326
40193,326
40194,326
40195,326
40417,318
40419,318
40421,318
40423,318
40425,318
40427,318
40430,318
40432,318
40434,318
40436,318
40438,318
40441,318
40442,318
40445,318
40447,318
40449,318
40451,318
40453,318
40454,318
40455,318
39976,333
39977,333
39978,333
39979,333
39980,333
39981,333
39982,333
39983,333
39984,333
39985,333
39986,333
39987,333
39988,333
39989,333
39990,333
39991,333
39992,333
39993,333
39994,333
39995,333
40476,338
40477,338
40478,338
40479,338
40480,338
40481,338
40482,338
40483,338
40484,338
40485,338
40486,338
40487,338
40488,338
40489,338
40490,338
40491,338
40492,338
40493,338
40494,338
40495,338
40516,331
40517,331
40518,331
40519,331
40520,331
40521,331
40522,331
40523,331
40524,331
40525,331
40526,331
40527,331
40528,331
40529,331
40530,331
40531,331
40532,331
40533,331
40534,331
40535,331
39935,342
39937,342
39938,342
39940,342
39942,342
39943,342
39945,342
39947,342
39949,342
39951,342
39953,342
39955,342
39957,342
39959,342
39961,342
39963,342
39965,342
39967,342
39969,342
39971,342
40036,339
40037,339
40038,339
40039,339
40040,339
40041,339
40042,339
40043,339
40044,339
40045,339
40046,339
40047,339
40048,339
40049,339
40050,339
40051,339
40052,339
40053,339
40054,339
40055,339
40216,345
40217,345
40218,345
40219,345
40220,345
40221,345
40222,345
40223,345
40224,345
40225,345
40226,345
40227,345
40228,345
40229,345
40230,345
40231,345
40232,345
40233,345
40234,345
40235,345
40556,353
40557,353
40558,353
40559,353
40560,353
40561,353
40562,353
40563,353
40564,353
40565,353
40566,353
40567,353
40568,353
40569,353
40570,353
40571,353
40572,353
40573,353
40574,353
40575,353
40696,341
40697,341
40698,341
40699,341
40700,341
40701,341
40702,341
40703,341
40704,341
40705,341
40706,341
40707,341
40708,341
40709,341
40710,341
40711,341
40712,341
40713,341
40714,341
40715,341
40656,356
40658,356
40659,356
40661,356
40663,356
40665,356
40667,356
40669,356
40671,356
40673,356
40675,356
40677,356
40679,356
40682,356
40684,356
40685,356
40687,356
40689,356
40691,356
40693,356
40816,357
40817,357
40818,357
40819,357
40820,357
40821,357
40822,357
40823,357
40824,357
40825,357
40826,357
40827,357
40828,357
40829,357
40830,357
40831,357
40832,357
40833,357
40834,357
40835,357
40156,366
40157,366
40158,366
40159,366
40160,366
40161,366
40162,366
40163,366
40164,366
40165,366
40166,366
40167,366
40168,366
40169,366
40170,366
40171,366
40172,366
40173,366
40174,366
40175,366
40356,367
40357,367
40358,367
40359,367
40360,367
40361,367
40362,367
40363,367
40364,367
40365,367
40366,367
40367,367
40368,367
40369,367
40370,367
40371,367
40372,367
40373,367
40374,367
40375,367
40657,383
40660,383
40662,383
40664,383
40666,383
40668,383
40670,383
40672,383
40674,383
40676,383
40678,383
40680,383
40681,383
40683,383
40686,383
40688,383
40690,383
40692,383
40694,383
40695,383
40236,389
40237,389
40238,389
40239,389
40240,389
40241,389
40242,389
40243,389
40244,389
40245,389
40246,389
40247,389
40248,389
40249,389
40250,389
40251,389
40252,389
40253,389
40254,389
40255,389
40296,393
40297,393
40298,393
40299,393
40300,393
40301,393
40302,393
40303,393
40304,393
40305,393
40306,393
40307,393
40308,393
40309,393
40310,393
40311,393
40312,393
40313,393
40314,393
40315,393
40376,395
40377,395
40378,395
40379,395
40380,395
40381,395
40382,395
40383,395
40384,395
40385,395
40386,395
40387,395
40388,395
40389,395
40390,395
40391,395
40392,395
40393,395
40394,395
40395,395
40576,422
40577,422
40578,422
40579,422
40580,422
40581,422
40582,422
40583,422
40584,422
40585,422
40586,422
40587,422
40588,422
40589,422
40590,422
40591,422
40592,422
40593,422
40594,422
40595,422
40256,437
40257,437
40258,437
40259,437
40260,437
40261,437
40262,437
40263,437
40264,437
40265,437
40266,437
40267,437
40268,437
40269,437
40270,437
40271,437
40272,437
40273,437
40274,437
40275,437
40276,429
40277,429
40278,429
40279,429
40280,429
40281,429
40282,429
40283,429
40284,429
40285,429
40286,429
40287,429
40288,429
40289,429
40290,429
40291,429
40292,429
40293,429
40294,429
40295,429
40716,428
40717,428
40718,428
40719,428
40720,428
40721,428
40722,428
40723,428
40724,428
40725,428
40726,428
40727,428
40728,428
40729,428
40730,428
40731,428
40732,428
40733,428
40734,428
40735,428
40076,447
40077,447
40078,447
40079,447
40080,447
40081,447
40082,447
40083,447
40084,447
40085,447
40086,447
40087,447
40088,447
40089,447
40090,447
40091,447
40092,447
40093,447
40094,447
40095,447
40096,447
40097,447
40098,447
40099,447
40100,447
40101,447
40102,447
40103,447
40104,447
40105,447
40106,447
40107,447
40108,447
40109,447
40110,447
40111,447
40112,447
40113,447
40114,447
40115,447
40536,443
40537,443
40538,443
40539,443
40540,443
40541,443
40542,443
40543,443
40544,443
40545,443
40546,443
40547,443
40548,443
40549,443
40550,443
40551,443
40552,443
40553,443
40554,443
40555,443
40616,446
40617,446
40618,446
40619,446
40620,446
40621,446
40622,446
40623,446
40624,446
40625,446
40626,446
40627,446
40628,446
40629,446
40630,446
40631,446
40632,446
40633,446
40634,446
40635,446
40736,449
40737,449
40738,449
40739,449
40740,449
40741,449
40742,449
40743,449
40744,449
40745,449
40746,449
40747,449
40748,449
40749,449
40750,449
40751,449
40752,449
40753,449
40754,449
40755,449
40776,463
40777,463
40778,463
40779,463
40780,463
40781,463
40782,463
40783,463
40784,463
40785,463
40786,463
40787,463
40788,463
40789,463
40790,463
40791,463
40792,463
40793,463
40794,463
40795,463
